{"accuracy": [0.8223270177841187, 0.900943398475647, 0.9299288988113403, 0.9381323456764221, 0.9508476853370667, 0.9600082039833069, 0.9660924077033997, 0.9704675674438477, 0.9724500775337219, 0.9756631255149841], "loss": [0.3841303288936615, 0.23481757938861847, 0.1688462197780609, 0.13954584300518036, 0.1063598021864891, 0.09006212651729584, 0.07504045218229294, 0.06366065889596939, 0.0622982382774353, 0.05459501966834068], "val_accuracy": [0.8589007258415222, 0.8553459048271179, 0.8493300676345825, 0.8496034741401672, 0.8479627966880798, 0.8537052273750305, 0.8378452062606812, 0.8386655449867249, 0.8468689918518066, 0.844681441783905], "val_loss": [0.3138945698738098, 0.3347712755203247, 0.4221038520336151, 0.42532315850257874, 0.5609064698219299, 0.5924754738807678, 0.6389876008033752, 0.8370273113250732, 0.7703883051872253, 0.754871129989624]}